Workbook

Sheet Presupuesto horas
A1: Categoría | B1: Horas Estimadas | C1: UF/Hora Equipo | D1: Subtotal (UF) | E1: Valor UF (CLP) | F1: Subtotal CLP
A2: Sprint 0 – Setup y documentación | B2: 75 | C2: ='Configuración'!B2 -> 1 | D2: =B2*C2 -> 75 | E2: ='Configuración'!B3 -> 37000 | F2: =D2*E2 -> 2775000
A3: Sprint 1 – Autenticación y mapa base | B3: 105 | C3: ='Configuración'!B2 -> 1 | D3: =B3*C3 -> 105 | E3: ='Configuración'!B3 -> 37000 | F3: =D3*E3 -> 3885000
A4: Sprint 2 – Eventos y favoritos | B4: 120 | C4: ='Configuración'!B2 -> 1 | D4: =B4*C4 -> 120 | E4: ='Configuración'!B3 -> 37000 | F4: =D4*E4 -> 4440000
A5: Sprint 3 – CRUD organizador | B5: 105 | C5: ='Configuración'!B2 -> 1 | D5: =B5*C5 -> 105 | E5: ='Configuración'!B3 -> 37000 | F5: =D5*E5 -> 3885000
A6: Sprint 4 – Filtros y moderación básica | B6: 105 | C6: ='Configuración'!B2 -> 1 | D6: =B6*C6 -> 105 | E6: ='Configuración'!B3 -> 37000 | F6: =D6*E6 -> 3885000
A7: Sprint 5 – Notificaciones y moderación avanzada | B7: 105 | C7: ='Configuración'!B2 -> 1 | D7: =B7*C7 -> 105 | E7: ='Configuración'!B3 -> 37000 | F7: =D7*E7 -> 3885000
A8: Sprint 6 – Rutas e IA resúmenes | B8: 120 | C8: ='Configuración'!B2 -> 1 | D8: =B8*C8 -> 120 | E8: ='Configuración'!B3 -> 37000 | F8: =D8*E8 -> 4440000
A9: Sprint 7 – Validación y QA final | B9: 105 | C9: ='Configuración'!B2 -> 1 | D9: =B9*C9 -> 105 | E9: ='Configuración'!B3 -> 37000 | F9: =D9*E9 -> 3885000
A10: Total general (equipo) | B10: 840 | D10: =SUM(D2:D9) -> 840 | F10: =SUM(F2:F9) -> 31080000

Sheet Presupuesto equipo
A1: Recurso | B1: Descripción | C1: Cantidad | D1: Valor Unitario (UF) | E1: Total (UF) | F1: Valor UF (CLP) | G1: Total (CLP)
A2: Notebook desarrollo | B2: Equipo de desarrollo | C2: 3 | D2: 20 | E2: =C2*D2 -> 60 | F2: ='Configuración'!B3 -> 37000 | G2: =E2*F2 -> 2220000
A3: Smartphone test | B3: Android + iPhone | C3: 2 | D3: 10 | E3: =C3*D3 -> 20 | F3: ='Configuración'!B3 -> 37000 | G3: =E3*F3 -> 740000
A4: Google Play Developer | B4: Licencia única | C4: 1 | D4: 1 | E4: =C4*D4 -> 1 | F4: ='Configuración'!B3 -> 37000 | G4: =E4*F4 -> 37000
A5: Licencia Mapbox (3 meses) | B5: API Maps & Routes | C5: 3 | D5: 0.5 | E5: =C5*D5 -> 1.5 | F5: ='Configuración'!B3 -> 37000 | G5: =E5*F5 -> 55500
A6: GitHub Pro | B6: CI/CD + repositorio | C6: 3 | D6: 0.3 | E6: =C6*D6 -> 0.9 | F6: ='Configuración'!B3 -> 37000 | G6: =E6*F6 -> 33300
A7: API IA | B7: Generador de resúmenes automáticos | C7: 1 | D7: 1 | E7: =C7*D7 -> 1 | F7: ='Configuración'!B3 -> 37000 | G7: =E7*F7 -> 37000
A8: Total Equipamiento y Licencias | B8: — | C8: — | D8: — | E8: =SUM(E2:E7) -> 84.4 | F8: =SUM(Equipo_y_licencias[Valor UF (CLP)]) -> 222000 | G8: =SUM(Equipo_y_licencias[Total (CLP)]) -> 3122800

Sheet Configuración
A1: Variable | B1: Valor | C1: Descripción
A2: UF por hora (equipo) | B2: 1 | C2: Valor estimado de la hora total del equipo
A3: Valor UF (CLP) | B3: 37000 | C3: Valor actual (ajustable)
A4: Número de integrantes | B4: 3 | C4: Miembros del equipo
A5: Total horas estimadas | B5: 840 | C5: Total del proyecto
A6: Total sprints | B6: 8 | C6: Sprints planificados
A7: Fecha de inicio | B7: 45880 | C7: Inicio del proyecto
A8: Fecha de término | B8: 45991 | C8: Fin estimado
A9: Total presupuesto | B9: =Equipo_y_licencias[[#TOTALS],[Total (CLP)]]+'Presupuesto horas'!F10 -> 34202800
A10: Total equipo | B10: =Equipo_y_licencias[[#TOTALS],[Total (CLP)]] -> 3122800
A11: Total horas estimadas | B11: ='Presupuesto horas'!F10 -> 31080000
A12: Total presupuesto | B12: =Equipo_y_licencias[[#TOTALS],[Total (CLP)]]+'Presupuesto horas'!F10 -> 34202800
